Date,Time,Video Link
9/1/24,21:15:57,Link: https://www.tiktokv.com/share/video/7409045527049850143/
9/1/24,21:15:12,Link: https://www.tiktokv.com/share/video/7409491316163284267/
9/1/24,21:14:56,Link: https://www.tiktokv.com/share/video/7408964625238199583/
9/1/24,21:11:46,Link: https://www.tiktokv.com/share/video/7409430454287240478/
9/1/24,21:10:13,Link: https://www.tiktokv.com/share/video/7405548387321335072/
9/2/24,22:42:48,Link: https://www.tiktokv.com/share/video/7379386881429163310/
9/2/24,22:39:27,Link: https://www.tiktokv.com/share/video/7409093337220795690/
9/3/24,23:37:26,Link: https://www.tiktokv.com/share/video/7406895880764165418/
9/3/24,6:30:26,Link: https://www.tiktokv.com/share/video/7406156085863664903/
9/3/24,4:46:35,Link: https://www.tiktokv.com/share/video/7385422622382705962/
9/3/24,4:45:07,Link: https://www.tiktokv.com/share/video/7408948598995569950/
9/3/24,4:44:11,Link: https://www.tiktokv.com/share/video/7408492641823853856/
9/3/24,1:30:12,Link: https://www.tiktokv.com/share/video/7409009212489239854/
9/4/24,22:22:33,Link: https://www.tiktokv.com/share/video/7410500310642199838/
9/4/24,22:21:22,Link: https://www.tiktokv.com/share/video/7409345942412905760/
9/4/24,16:27:16,Link: https://www.tiktokv.com/share/video/7410101205692714286/
9/4/24,16:24:33,Link: https://www.tiktokv.com/share/video/7408442679111109934/
9/4/24,16:22:36,Link: https://www.tiktokv.com/share/video/7409797968745729311/
9/4/24,16:20:21,Link: https://www.tiktokv.com/share/video/7410452540279622958/
9/4/24,16:19:06,Link: https://www.tiktokv.com/share/video/7409946159373978910/
9/4/24,16:18:19,Link: https://www.tiktokv.com/share/video/7410764809911700766/
9/4/24,5:39:04,Link: https://www.tiktokv.com/share/video/7381617170901650734/
9/4/24,3:06:36,Link: https://www.tiktokv.com/share/video/7410407396826271008/
9/4/24,3:04:43,Link: https://www.tiktokv.com/share/video/7410115651144125729/
9/5/24,13:51:56,Link: https://www.tiktokv.com/share/video/7410609323107290410/
9/5/24,12:35:29,Link: https://www.tiktokv.com/share/video/7402689298161618209/
9/5/24,4:05:00,Link: https://www.tiktokv.com/share/video/7410589280403197214/
9/5/24,2:17:21,Link: https://www.tiktokv.com/share/video/7403524875844930862/
9/5/24,2:15:42,Link: https://www.tiktokv.com/share/video/7402824536263036192/
9/5/24,0:09:58,Link: https://www.tiktokv.com/share/video/7410843729092709674/
9/6/24,22:41:57,Link: https://www.tiktokv.com/share/video/7411580577356205342/
9/6/24,22:37:12,Link: https://www.tiktokv.com/share/video/7410995582313041182/
9/6/24,22:29:34,Link: https://www.tiktokv.com/share/video/7411541154048642346/
9/6/24,22:27:36,Link: https://www.tiktokv.com/share/video/7411484157555117343/
9/6/24,22:25:26,Link: https://www.tiktokv.com/share/video/7411174180244262175/
9/6/24,22:24:08,Link: https://www.tiktokv.com/share/video/7410864695986375967/
9/6/24,5:05:35,Link: https://www.tiktokv.com/share/video/7409516106362260741/
9/6/24,4:20:42,Link: https://www.tiktokv.com/share/video/7410930078462332203/
9/7/24,18:53:26,Link: https://www.tiktokv.com/share/video/7394856679323585824/
9/7/24,14:06:28,Link: https://www.tiktokv.com/share/video/7407539452219837726/
9/7/24,14:04:20,Link: https://www.tiktokv.com/share/video/7410145898153413918/
9/7/24,14:03:31,Link: https://www.tiktokv.com/share/video/7383380500758433066/
9/7/24,13:59:35,Link: https://www.tiktokv.com/share/video/7387771234089487623/
9/7/24,13:56:19,Link: https://www.tiktokv.com/share/video/7411181712660499755/
9/7/24,13:51:57,Link: https://www.tiktokv.com/share/video/7411827159993437472/
9/7/24,13:50:45,Link: https://www.tiktokv.com/share/video/7410476110493830433/
9/7/24,13:49:30,Link: https://www.tiktokv.com/share/video/7411591681377619230/
9/7/24,13:48:47,Link: https://www.tiktokv.com/share/video/7411255076221685023/
9/7/24,4:05:42,Link: https://www.tiktokv.com/share/video/7394978022400658734/
9/7/24,4:01:52,Link: https://www.tiktokv.com/share/video/7410947275234577694/
9/7/24,3:57:28,Link: https://www.tiktokv.com/share/video/7408965313150209322/
9/7/24,3:55:19,Link: https://www.tiktokv.com/share/video/7411150250842279199/
9/7/24,3:52:42,Link: https://www.tiktokv.com/share/video/7406562601485864235/
9/7/24,3:51:28,Link: https://www.tiktokv.com/share/video/7409685180954185003/